<project>
<version>3</version>
<ipAddress>10.0.0.1</ipAddress>
<loopBack>true</loopBack>
<main>testMain</main>
<actions>
<action>
<name>testing action 1</name>
<description>testing action 1 des.</description>
<core>true</core>
<parameters>
<param>
<name>pa1</name>
<type>java.lang.String</type>
</param>
</parameters>
</action>
<action>
<name>testing action 2</name>
<description>testing action 2 des.</description>
<core>false</core>
<parameters>
<param>
<name>p1</name>
<type>java.lang.Integer</type>
</param>
</parameters>
</action>
<actionFolder>
<name>folder1</name>
<actionChildren>
<action>
<name>action in folder1</name>
<description>action in folder 1 des.</description>
<core>true</core>
</action>
<actionFolder>
<name>subfolder1</name>
<actionChildren>
<action>
<name>action in subfolder1</name>
<description>action in subfolder 1 desc.</description>
<core>false</core>
</action>
</actionChildren>
</actionFolder>
</actionChildren>
</actionFolder>
<actionFolder>
<name>folder2</name>
<actionChildren>
</actionChildren>
</actionFolder>
</actions>
<predicates>
<predicate>
<name>predicate 1</name>
<description>predicate 1 des.</description>
<returnType>java.lang.Boolean</returnType>
<core>true</core>
<parameters>
<param>
<name>pa1</name>
<type>java.lang.String</type>
</param>
</parameters>
</predicate>
<predicate>
<name>predicate 2</name>
<description>predicate 2 des.</description>
<returnType>java.lang.Object</returnType>
<core>true</core>
<parameters>
<param>
<name>p1</name>
<type>java.lang.Integer</type>
</param>
<param>
<name>p2</name>
<type>java.lang.Integer</type>
</param>
</parameters>
</predicate>
<predicateFolder>
<name>folder1</name>
<predicateChildren>
<predicateFolder>
<name>subfolder1</name>
<predicateChildren>
<predicate>
<name>predicate in subfolder1</name>
<description>predicate in subfolder1 des.</description>
<returnType>java.lang.Boolean</returnType>
<core>false</core>
</predicate>
</predicateChildren>
</predicateFolder>
<predicateFolder>
<name>subfolder2</name>
<predicateChildren>
<predicate>
<name>predicate in subfolder2</name>
<description>predicate in subfolder2 des.</description>
<returnType>java.lang.Boolean</returnType>
<core>false</core>
</predicate>
</predicateChildren>
</predicateFolder>
</predicateChildren>
</predicateFolder>
<predicateFolder>
<name>folder2</name>
<predicateChildren>
</predicateChildren>
</predicateFolder>
</predicates>
<constants>
<constant>
<name>c1</name>
<type>java.lang.String</type>
<value>c1 constant</value>
</constant>
<constant>
<name>c2</name>
<type>java.lang.String</type>
<value>c2 constant</value>
</constant>
</constants>
<categories>
<category>
<name>category 1</name>
<descriptors>
<descrptor>
<name>descriptor1</name>
<descrptorChildren>
<descrptor>
<name>child1</name>
<selected>false</selected>
</descrptor>
<descrptor>
<name>child2</name>
<selected>false</selected>
</descrptor>
</descrptorChildren>
<selected>false</selected>
</descrptor>
</descriptors>
<selected>false</selected>
</category>
<category>
<name>category 2</name>
<descriptors>
<descrptor>
<name>descriptor2</name>
<selected>false</selected>
</descrptor>
</descriptors>
<selected>false</selected>
</category>
</categories>
<behaviors>
<behavior>
<name>behavior 1</name>
<description>behavior 1 desc.</description>
<exec>0</exec>
<interrupt>true</interrupt>
<parameters>
<param>
<name>p1</name>
<type>java.lang.Integer</type>
</param>
<param>
<name>p2</name>
<type>java.lang.Boolean</type>
</param>
</parameters>
<polys>
<poly>
<indices>
<index>index1</index>
<index>index2</index>
</indices>
<locals>
<local>
<name>local1</name>
<type>local1 type</type>
</local>
<local>
<name>local2</name>
<type>local2 type</type>
</local>
</locals>
<nodes>
<initial>1</initial>
<actionNodes>
<actionNode>
<id>2</id>
<expr>actionNode</expr>
<cx>30</cx>
<cy>40</cy>
<comment>action node comment</comment>
<labelMode>1</labelMode>
<isFinal>false</isFinal>
<isBehavior>false</isBehavior>
<bindings>
<binding>
<var>v1</var>
<expr>v1 expr</expr>
</binding>
</bindings>
<isAlways>false</isAlways>
<isCatch>false</isCatch>
</actionNode>
</actionNodes>
<compoundActionNode>
<compoundActionNode>
<id>3</id>
<cx>30</cx>
<cy>40</cy>
<comment>action node comment</comment>
<labelMode>1</labelMode>
<isFinal>false</isFinal>
</compoundActionNode>
</compoundActionNode>
</nodes>
<conditions>
<condition>
<id>5</id>
<expr>condition expr</expr>
<cx>100</cx>
<cy>100</cy>
<comment>condition comment</comment>
<labelMode>0</labelMode>
<bindings>
<binding>
<var>c</var>
<expr>c expr</expr>
</binding>
</bindings>
</condition>
<condition>
<id>15</id>
<expr>condition expr2</expr>
<cx>200</cx>
<cy>200</cy>
<comment>condition comment 2</comment>
<labelMode>0</labelMode>
</condition>
</conditions>
<connectors>
<start>
<id>20</id>
<type>1</type>
<connectors>
<connector>
<id>9</id>
<endId>10</endId>
<endType>11</endType>
<startX>10</startX>
<startY>12</startY>
<endX>20</endX>
<endY>30</endY>
<priority>1</priority>
<interrupt>true</interrupt>
<comment>connector comment</comment>
<labelMode>1</labelMode>
<bindings>
<binding>
<var>connector</var>
<expr>connector expr</expr>
</binding>
</bindings>
</connector>
</connectors>
</start>
</connectors>
</poly>
<poly>
<indices>
<index>index0</index>
</indices>
<nodes>
<initial>2</initial>
</nodes>
</poly>
</polys>
</behavior>
<behaviorFolder>
<name>folder1</name>
<behaviorChildren>
<behavior>
<name>behavior1 in folder1</name>
<description>behavior1 in folder1 desc.</description>
<exec>0</exec>
<interrupt>true</interrupt>
</behavior>
<behavior>
<name>behavior2 in folder1</name>
<description>behavior2 in folder1 desc.</description>
<exec>1</exec>
<interrupt>false</interrupt>
</behavior>
<behaviorFolder>
<name>subfolder1</name>
<behaviorChildren>
<behavior>
<name>behavior in subfolder1</name>
<description>behavior in subfolder 1 desc.</description>
<exec>0</exec>
<interrupt>false</interrupt>
</behavior>
</behaviorChildren>
</behaviorFolder>
</behaviorChildren>
</behaviorFolder>
<behaviorFolder>
<name>folder2</name>
<behaviorChildren>
</behaviorChildren>
</behaviorFolder>
</behaviors>
<globals>
<global>
<name>g1</name>
<type>java.lang.Integer</type>
<initial>10</initial>
<polymorphic>false</polymorphic>
</global>
<global>
<name>g2</name>
<type>java.lang.String</type>
<initial>Global value for g2</initial>
<polymorphic>false</polymorphic>
</global>
</globals>
<javaScript>
<jsFiles>
<jsFile>coreActionsPredicates/coreActionsPredicates.js</jsFile>
<jsFile>file1</jsFile>
<jsFile>file2</jsFile>
</jsFiles>
<importedJavaClasses>
<importedJavaClass>class1</importedJavaClass>
<importedJavaClass>class2</importedJavaClass>
<importedJavaClass>class3</importedJavaClass>
</importedJavaClasses>
</javaScript>
</project>
